images,lables
0.jpg,舌色青紫
1.jpg,舌色青紫
2.jpg,舌色青紫
3.jpg,舌色青紫
4.jpg,舌色青紫
5.jpg,舌色青紫
6.jpg,舌色青紫
7.jpg,舌色青紫
8.jpg,舌色青紫
9.jpg,舌色青紫
10.jpg,舌色青紫
11.jpg,舌色青紫
12.jpg,舌色青紫
13.jpg,舌色青紫
14.jpg,舌色青紫
15.jpg,舌色青紫
16.jpg,舌色青紫
17.jpg,舌色青紫
18.jpg,舌色青紫
19.jpg,舌色青紫
20.jpg,舌色青紫
21.jpg,舌色青紫
22.jpg,舌色青紫
23.jpg,舌色青紫
24.jpg,舌色青紫
25.jpg,舌色青紫
26.jpg,舌色青紫
27.jpg,舌色青紫
28.jpg,舌色青紫
29.jpg,舌色青紫
30.jpg,舌色青紫
31.jpg,舌色青紫
32.jpg,舌色青紫
33.jpg,舌色青紫
34.jpg,舌色青紫
35.jpg,舌色青紫
36.jpg,舌色青紫
37.jpg,舌色青紫
38.jpg,舌色青紫
39.jpg,舌色青紫
40.jpg,舌色青紫
41.jpg,舌色青紫
42.jpg,舌色青紫
43.jpg,舌色青紫
44.jpg,舌色青紫
45.jpg,舌色青紫
46.jpg,舌色青紫
47.jpg,舌色青紫
48.jpg,舌色青紫
49.jpg,舌色青紫
50.jpg,舌色青紫
51.jpg,舌色青紫
52.jpg,舌色青紫
53.jpg,舌色青紫
54.jpg,舌色青紫
55.jpg,舌色青紫
56.jpg,舌色青紫
57.jpg,舌色青紫
58.jpg,舌色青紫
59.jpg,舌色青紫
60.jpg,舌色青紫
61.jpg,舌色青紫
62.jpg,舌色青紫
63.jpg,舌色青紫
64.jpg,舌色青紫
65.jpg,舌色青紫
66.jpg,舌色青紫
67.jpg,舌色青紫
68.jpg,舌色青紫
69.jpg,舌色青紫
70.jpg,舌色青紫
71.jpg,舌色青紫
72.jpg,舌色青紫
73.jpg,舌色青紫
74.jpg,舌色青紫
75.jpg,舌色青紫
76.jpg,舌色青紫
77.jpg,舌色青紫
78.jpg,舌色青紫
79.jpg,舌色青紫
80.jpg,舌色青紫
81.jpg,舌色青紫
82.jpg,舌色青紫
83.jpg,舌色青紫
84.jpg,舌色青紫
85.jpg,舌色青紫
86.jpg,舌色青紫
87.jpg,舌色青紫
88.jpg,舌色青紫
89.jpg,舌色青紫
90.jpg,舌色青紫
91.jpg,舌色青紫
92.jpg,舌色青紫
93.jpg,舌色青紫
94.jpg,舌色青紫
95.jpg,舌色青紫
96.jpg,舌色青紫
97.jpg,舌色青紫
98.jpg,舌色青紫
99.jpg,舌色青紫
100.jpg,舌色青紫
101.jpg,舌色青紫
102.jpg,舌色青紫
103.jpg,舌色青紫
104.jpg,舌色青紫
105.jpg,舌色青紫
106.jpg,舌色青紫
107.jpg,舌色青紫
108.jpg,舌色青紫
109.jpg,舌色青紫
110.jpg,舌色青紫
111.jpg,舌色紅
112.jpg,舌色紅
113.jpg,舌色紅
114.jpg,舌色紅
115.jpg,舌色紅
116.jpg,舌色紅
117.jpg,舌色紅
118.jpg,舌色紅
119.jpg,舌色紅
120.jpg,舌色紅
121.jpg,舌色紅
122.jpg,舌色紅
123.jpg,舌色紅
124.jpg,舌色紅
125.jpg,舌色紅
126.jpg,舌色紅
127.jpg,舌色紅
128.jpg,舌色紅
129.jpg,舌色紅
130.jpg,舌色紅
131.jpg,舌色紅
132.jpg,舌色紅
133.jpg,舌色紅
134.jpg,舌色紅
135.jpg,舌色紅
136.jpg,舌色紅
137.jpg,舌色紅
138.jpg,舌色紅
139.jpg,舌色紅
140.jpg,舌色紅
141.jpg,舌色紅
142.jpg,舌色紅
143.jpg,舌色紅
144.jpg,舌色紅
145.jpg,舌色紅
146.jpg,舌色紅
147.jpg,舌色紅
148.jpg,舌色紅
149.jpg,舌色紅
150.jpg,舌色紅
151.jpg,舌色紅
152.jpg,舌色紅
153.jpg,舌色紅
154.jpg,舌色紅
155.jpg,舌色紅
156.jpg,舌色紅
157.jpg,舌色紅
158.jpg,舌色紅
159.jpg,舌色紅
160.jpg,舌色紅
161.jpg,舌色紅
162.jpg,舌色紅
163.jpg,舌色紅
164.jpg,舌色紅
165.jpg,舌色紅
166.jpg,舌色紅
167.jpg,舌色紅
168.jpg,舌色紅
169.jpg,舌色紅
170.jpg,舌色紅
171.jpg,舌色紅
172.jpg,舌色紅
173.jpg,舌色紅
174.jpg,舌色紅
175.jpg,舌色紅
176.jpg,舌色紅
177.jpg,舌色紅
178.jpg,舌色紅
179.jpg,舌色紅
180.jpg,舌色紅
181.jpg,舌色紅
182.jpg,舌色紅
183.jpg,舌色紅
184.jpg,舌色紅
185.jpg,舌色紅
186.jpg,舌色紅
187.jpg,舌色紅
188.jpg,舌色紅
189.jpg,舌色紅
190.jpg,舌色紅
191.jpg,舌色紅
192.jpg,舌色紅
193.jpg,舌色紅
194.jpg,舌色紅
195.jpg,舌色紅
196.jpg,舌色紅
197.jpg,舌色紅
198.jpg,舌色紅
199.jpg,舌色紅
200.jpg,舌色紅
201.jpg,舌色紅
202.jpg,舌色紅
203.jpg,舌色紅
204.jpg,舌色紅
205.jpg,舌色紅
206.jpg,舌色紅
207.jpg,舌色紅
208.jpg,舌色紅
209.jpg,舌色紅
210.jpg,舌色紅
211.jpg,舌色紅
212.jpg,舌色紅
213.jpg,舌色紅
214.jpg,舌色紅
215.jpg,舌色紅
216.jpg,舌色紅
217.jpg,舌色紅
218.jpg,舌色紅
219.jpg,舌色紅
220.jpg,舌色紅
221.jpg,舌色降舌
222.jpg,舌色降舌
223.jpg,舌色降舌
224.jpg,舌色降舌
225.jpg,舌色降舌
226.jpg,舌色降舌
227.jpg,舌色降舌
228.jpg,舌色降舌
229.jpg,舌色降舌
230.jpg,舌色降舌
231.jpg,舌色降舌
232.jpg,舌色降舌
233.jpg,舌色降舌
234.jpg,舌色降舌
235.jpg,舌色降舌
236.jpg,舌色降舌
237.jpg,舌色降舌
238.jpg,舌色降舌
239.jpg,舌色降舌
240.jpg,舌色降舌
241.jpg,舌色降舌
242.jpg,舌色降舌
243.jpg,舌色降舌
244.jpg,舌色降舌
245.jpg,舌色降舌
246.jpg,舌色降舌
247.jpg,舌色降舌
248.jpg,舌色降舌
249.jpg,舌色降舌
250.jpg,舌色降舌
251.jpg,舌色降舌
252.jpg,舌色降舌
253.jpg,舌色降舌
254.jpg,舌色降舌
255.jpg,舌色降舌
256.jpg,舌色降舌
257.jpg,舌色降舌
258.jpg,舌色降舌
259.jpg,舌色降舌
260.jpg,舌色降舌
261.jpg,舌色降舌
262.jpg,舌色降舌
263.jpg,舌色降舌
264.jpg,舌色降舌
265.jpg,舌色降舌
266.jpg,舌色降舌
267.jpg,舌色降舌
268.jpg,舌色降舌
269.jpg,舌色降舌
270.jpg,舌色降舌
271.jpg,舌色降舌
272.jpg,舌色降舌
273.jpg,舌色降舌
274.jpg,舌色降舌
275.jpg,舌色降舌
276.jpg,舌色降舌
277.jpg,舌色降舌
278.jpg,舌色降舌
279.jpg,舌色降舌
280.jpg,舌色降舌
281.jpg,舌色降舌
282.jpg,舌色降舌
283.jpg,舌色降舌
284.jpg,舌色降舌
285.jpg,舌色降舌
286.jpg,舌色降舌
287.jpg,舌色降舌
288.jpg,舌色降舌
289.jpg,舌色降舌
290.jpg,舌色降舌
291.jpg,舌色降舌
292.jpg,舌色降舌
293.jpg,舌色降舌
294.jpg,舌色降舌
295.jpg,舌色降舌
296.jpg,舌色降舌
297.jpg,舌色降舌
298.jpg,舌色降舌
299.jpg,舌色降舌
300.jpg,舌色降舌
301.jpg,舌色降舌
302.jpg,舌色降舌
303.jpg,舌色降舌
304.jpg,舌色降舌
305.jpg,舌色降舌
306.jpg,舌色降舌
307.jpg,舌色降舌
308.jpg,舌色降舌
309.jpg,舌色降舌
310.jpg,舌色降舌
311.jpg,舌色降舌
312.jpg,舌色降舌
313.jpg,舌色降舌
314.jpg,舌色降舌
315.jpg,舌色降舌
316.jpg,舌色降舌
317.jpg,舌色降舌
318.jpg,舌色降舌
319.jpg,舌色降舌
320.jpg,舌色降舌
321.jpg,舌色降舌
322.jpg,舌色降舌
323.jpg,舌色降舌
324.jpg,舌色降舌
325.jpg,舌色降舌
326.jpg,舌色降舌
327.jpg,舌色降舌
328.jpg,舌色降舌
329.jpg,舌色降舌
330.jpg,舌色降舌
331.jpg,舌色降舌
332.jpg,舌色降舌
333.jpg,舌色降舌
334.jpg,舌色降舌
335.jpg,舌色降舌
336.jpg,舌色降舌
337.jpg,舌色降舌
338.jpg,舌色降舌
339.jpg,舌色降舌
340.jpg,舌色降舌
341.jpg,舌色淡白
342.jpg,舌色淡白
343.jpg,舌色淡白
344.jpg,舌色淡白
345.jpg,舌色淡白
346.jpg,舌色淡白
347.jpg,舌色淡白
348.jpg,舌色淡白
349.jpg,舌色淡白
350.jpg,舌色淡白
351.jpg,舌色淡白
352.jpg,舌色淡白
353.jpg,舌色淡白
354.jpg,舌色淡白
355.jpg,舌色淡白
356.jpg,舌色淡白
357.jpg,舌色淡白
358.jpg,舌色淡白
359.jpg,舌色淡白
360.jpg,舌色淡白
361.jpg,舌色淡白
362.jpg,舌色淡白
363.jpg,舌色淡白
364.jpg,舌色淡白
365.jpg,舌色淡白
366.jpg,舌色淡白
367.jpg,舌色淡白
368.jpg,舌色淡白
369.jpg,舌色淡白
370.jpg,舌色淡白
371.jpg,舌色淡白
372.jpg,舌色淡白
373.jpg,舌色淡白
374.jpg,舌色淡白
375.jpg,舌色淡白
376.jpg,舌色淡白
377.jpg,舌色淡白
378.jpg,舌色淡白
379.jpg,舌色淡白
380.jpg,舌色淡白
381.jpg,舌色淡白
382.jpg,舌色淡白
383.jpg,舌色淡白
384.jpg,舌色淡白
385.jpg,舌色淡白
386.jpg,舌色淡白
387.jpg,舌色淡白
388.jpg,舌色淡白
389.jpg,舌色淡白
390.jpg,舌色淡白
391.jpg,舌色淡白
392.jpg,舌色淡白
393.jpg,舌色淡白
394.jpg,舌色淡白
395.jpg,舌色淡白
396.jpg,舌色淡白
397.jpg,舌色淡白
398.jpg,舌色淡白
399.jpg,舌色淡白
400.jpg,舌色淡白
401.jpg,舌色淡白
402.jpg,舌色淡白
403.jpg,舌色淡白
404.jpg,舌色淡白
405.jpg,舌色淡白
406.jpg,舌色淡白
407.jpg,舌色淡白
408.jpg,舌色淡白
409.jpg,舌色淡白
410.jpg,舌色淡白
411.jpg,舌色淡白
412.jpg,舌色淡白
413.jpg,舌色淡白
414.jpg,舌色淡白
415.jpg,舌色淡白
416.jpg,舌色淡白
417.jpg,舌色淡白
418.jpg,舌色淡白
419.jpg,舌色淡白
420.jpg,舌色淡白
421.jpg,舌色淡白
422.jpg,舌色淡白
423.jpg,舌色淡白
424.jpg,舌色淡白
425.jpg,舌色淡白
426.jpg,舌色淡白
427.jpg,舌色淡白
428.jpg,舌色淡白
429.jpg,舌色淡白
430.jpg,舌色淡白
431.jpg,舌色淡白
432.jpg,舌色淡白
433.jpg,舌色淡白
434.jpg,舌色淡白
435.jpg,舌色淡白
436.jpg,舌色淡白
437.jpg,舌色淡白
438.jpg,舌色淡白
439.jpg,舌色淡白
440.jpg,舌色淡白
441.jpg,舌色淡白
442.jpg,舌色淡白
443.jpg,舌色淡白
444.jpg,舌色淡白
445.jpg,舌色淡白
446.jpg,舌色淡白
447.jpg,舌色淡白
448.jpg,舌色淡白
449.jpg,舌色淡白
450.jpg,舌色淡白
451.jpg,舌色淡白
452.jpg,舌色淡白
453.jpg,舌色淡白
454.jpg,舌色淡白
455.jpg,舌色淡白
456.jpg,舌色淡白
457.jpg,舌色淡白
458.jpg,舌色淡白
459.jpg,舌色淡白
460.jpg,舌色淡紅
461.jpg,舌色淡紅
462.jpg,舌色淡紅
463.jpg,舌色淡紅
464.jpg,舌色淡紅
465.jpg,舌色淡紅
466.jpg,舌色淡紅
467.jpg,舌色淡紅
468.jpg,舌色淡紅
469.jpg,舌色淡紅
470.jpg,舌色淡紅
471.jpg,舌色淡紅
472.jpg,舌色淡紅
473.jpg,舌色淡紅
474.jpg,舌色淡紅
475.jpg,舌色淡紅
476.jpg,舌色淡紅
477.jpg,舌色淡紅
478.jpg,舌色淡紅
479.jpg,舌色淡紅
480.jpg,舌色淡紅
481.jpg,舌色淡紅
482.jpg,舌色淡紅
483.jpg,舌色淡紅
484.jpg,舌色淡紅
485.jpg,舌色淡紅
486.jpg,舌色淡紅
487.jpg,舌色淡紅
488.jpg,舌色淡紅
489.jpg,舌色淡紅
490.jpg,舌色淡紅
491.jpg,舌色淡紅
492.jpg,舌色淡紅
493.jpg,舌色淡紅
494.jpg,舌色淡紅
495.jpg,舌色淡紅
496.jpg,舌色淡紅
497.jpg,舌色淡紅
498.jpg,舌色淡紅
499.jpg,舌色淡紅
500.jpg,舌色淡紅
501.jpg,舌色淡紅
502.jpg,舌色淡紅
503.jpg,舌色淡紅
504.jpg,舌色淡紅
505.jpg,舌色淡紅
506.jpg,舌色淡紅
507.jpg,舌色淡紅
508.jpg,舌色淡紅
509.jpg,舌色淡紅
510.jpg,舌色淡紅
511.jpg,舌色淡紅
512.jpg,舌色淡紅
513.jpg,舌色淡紅
514.jpg,舌色淡紅
515.jpg,舌色淡紅
516.jpg,舌色淡紅
517.jpg,舌色淡紅
518.jpg,舌色淡紅
519.jpg,舌色淡紅
520.jpg,舌色淡紅
521.jpg,舌色淡紅
522.jpg,舌色淡紅
523.jpg,舌色淡紅
524.jpg,舌色淡紅
525.jpg,舌色淡紅
526.jpg,舌色淡紅
527.jpg,舌色淡紅
528.jpg,舌色淡紅
529.jpg,舌色淡紅
530.jpg,舌色淡紅
531.jpg,舌色淡紅
532.jpg,舌色淡紅
533.jpg,舌色淡紅
534.jpg,舌色淡紅
535.jpg,舌色淡紅
536.jpg,舌色淡紅
537.jpg,舌色淡紅
538.jpg,舌色淡紅
539.jpg,舌色淡紅
540.jpg,舌色淡紅
541.jpg,舌色淡紅
542.jpg,舌色淡紅
543.jpg,舌色淡紅
544.jpg,舌色淡紅
545.jpg,舌色淡紅
546.jpg,舌色淡紅
547.jpg,舌色淡紅
548.jpg,舌色淡紅
549.jpg,舌色淡紅
550.jpg,舌色淡紅
551.jpg,舌色淡紅
552.jpg,舌色淡紅
553.jpg,舌色淡紅
554.jpg,舌色淡紅
555.jpg,舌色淡紅
556.jpg,舌色淡紅
557.jpg,舌色淡紅
558.jpg,舌色淡紅
559.jpg,舌色淡紅
560.jpg,舌色淡紅
561.jpg,舌色淡紅
562.jpg,舌色淡紅
563.jpg,舌色淡紅
564.jpg,舌色淡紅
565.jpg,舌色淡紅
566.jpg,舌色淡紅
567.jpg,舌色淡紅
568.jpg,舌色淡紅
569.jpg,舌色淡紅
570.jpg,舌色淡紅
571.jpg,舌色淡紅
572.jpg,舌色淡紅
573.jpg,舌色淡紅
574.jpg,舌色淡紅
575.jpg,舌色淡紅
576.jpg,舌色淡紅
577.jpg,舌色淡紅
578.jpg,舌色淡紅
579.jpg,舌色淡紅
580.jpg,舌色淡紅
581.jpg,舌色淡紅
582.jpg,舌色淡紅
583.jpg,舌色淡紅
584.jpg,舌色淡紅
585.jpg,舌色淡紅
586.jpg,舌色淡紅
587.jpg,舌色淡紅
588.jpg,舌色淡紅
589.jpg,舌色淡紅
590.jpg,舌色淡紅
591.jpg,舌色淡紅
592.jpg,舌色淡紅
593.jpg,舌色淡紅
594.jpg,舌色淡紅
595.jpg,舌色淡紅
596.jpg,舌色淡紅
597.jpg,舌色淡紅
598.jpg,舌色淡紅
599.jpg,舌色淡紅
600.jpg,舌色淡紅
601.jpg,舌色淡紅
602.jpg,舌色淡紅
603.jpg,舌色淡紅
604.jpg,舌色淡紅
605.jpg,舌色淡紅
606.jpg,舌色淡紅
607.jpg,舌色淡紅
608.jpg,舌色淡紅
609.jpg,舌色淡紅
610.jpg,舌色淡紅
611.jpg,舌色淡紅
612.jpg,舌色淡紅
613.jpg,舌色淡紅
614.jpg,舌色淡紅
615.jpg,舌色淡紅
616.jpg,舌色淡紅
617.jpg,舌色淡紅
618.jpg,舌色淡紅
619.jpg,舌色淡紅
620.jpg,舌色淡紅
621.jpg,舌色淡紅
622.jpg,舌色淡紅
623.jpg,舌色淡紅
624.jpg,舌色淡紅
625.jpg,舌色淡紅
626.jpg,舌色淡紅
627.jpg,舌色淡紅
628.jpg,舌色淡紅
629.jpg,舌色淡紅
630.jpg,舌色淡紅
631.jpg,舌色淡紅
632.jpg,舌色淡紅
633.jpg,舌色淡紅
634.jpg,舌色淡紅
635.jpg,舌色淡紅
636.jpg,舌色淡紅
637.jpg,舌苔白
638.jpg,舌苔白
639.jpg,舌苔白
640.jpg,舌苔白
641.jpg,舌苔白
642.jpg,舌苔白
643.jpg,舌苔白
644.jpg,舌苔白
645.jpg,舌苔白
646.jpg,舌苔白
647.jpg,舌苔白
648.jpg,舌苔白
649.jpg,舌苔白
650.jpg,舌苔白
651.jpg,舌苔白
652.jpg,舌苔白
653.jpg,舌苔白
654.jpg,舌苔白
655.jpg,舌苔白
656.jpg,舌苔白
657.jpg,舌苔白
658.jpg,舌苔白
659.jpg,舌苔白
660.jpg,舌苔白
661.jpg,舌苔白
662.jpg,舌苔白
663.jpg,舌苔白
664.jpg,舌苔白
665.jpg,舌苔白
666.jpg,舌苔白
667.jpg,舌苔白
668.jpg,舌苔白
669.jpg,舌苔白
670.jpg,舌苔白
671.jpg,舌苔白
672.jpg,舌苔白
673.jpg,舌苔白
674.jpg,舌苔白
675.jpg,舌苔白
676.jpg,舌苔白
677.jpg,舌苔白
678.jpg,舌苔白
679.jpg,舌苔白
680.jpg,舌苔白
681.jpg,舌苔白
682.jpg,舌苔白
683.jpg,舌苔白
684.jpg,舌苔白
685.jpg,舌苔白
686.jpg,舌苔白
687.jpg,舌苔白
688.jpg,舌苔白
689.jpg,舌苔白
690.jpg,舌苔白
691.jpg,舌苔白
692.jpg,舌苔白
693.jpg,舌苔白
694.jpg,舌苔白
695.jpg,舌苔白
696.jpg,舌苔白
697.jpg,舌苔白
698.jpg,舌苔白
699.jpg,舌苔白
700.jpg,舌苔白
701.jpg,舌苔白
702.jpg,舌苔白
703.jpg,舌苔白
704.jpg,舌苔白
705.jpg,舌苔白
706.jpg,舌苔白
707.jpg,舌苔白
708.jpg,舌苔白
709.jpg,舌苔白
710.jpg,舌苔白
711.jpg,舌苔白
712.jpg,舌苔白
713.jpg,舌苔白
714.jpg,舌苔白
715.jpg,舌苔白
716.jpg,舌苔白
717.jpg,舌苔白
718.jpg,舌苔白
719.jpg,舌苔白
720.jpg,舌苔白
721.jpg,舌苔白
722.jpg,舌苔白
723.jpg,舌苔白
724.jpg,舌苔白
725.jpg,舌苔白
726.jpg,舌苔白
727.jpg,舌苔白
728.jpg,舌苔白
729.jpg,舌苔白
730.jpg,舌苔白
731.jpg,舌苔白
732.jpg,舌苔白
733.jpg,舌苔白
734.jpg,舌苔白
735.jpg,舌苔白
736.jpg,舌苔白
737.jpg,舌苔白
738.jpg,舌苔白
739.jpg,舌苔白
740.jpg,舌苔白
741.jpg,舌苔白
742.jpg,舌苔白
743.jpg,舌苔白
744.jpg,舌苔白
745.jpg,舌苔白
746.jpg,舌苔白
747.jpg,舌苔白
748.jpg,舌苔白
749.jpg,舌苔白
750.jpg,舌苔白
751.jpg,舌苔白
752.jpg,舌苔白
753.jpg,舌苔白
754.jpg,舌苔白
755.jpg,舌苔白
756.jpg,舌苔白
757.jpg,舌苔白
758.jpg,舌苔白
759.jpg,舌苔白
760.jpg,舌苔白
761.jpg,舌苔白
762.jpg,舌苔白
763.jpg,舌苔白
764.jpg,舌苔白
765.jpg,舌苔白
766.jpg,舌苔白
767.jpg,舌苔白
768.jpg,舌苔白
769.jpg,舌苔白
770.jpg,舌苔白
771.jpg,舌苔白
772.jpg,舌苔白
773.jpg,舌苔白
774.jpg,舌苔白
775.jpg,舌苔白
776.jpg,舌苔白
777.jpg,舌苔白
778.jpg,舌苔白
779.jpg,舌苔白
780.jpg,舌苔白
781.jpg,舌苔白
782.jpg,舌苔白
783.jpg,舌苔白
784.jpg,舌苔白
785.jpg,舌苔白
786.jpg,舌苔白
787.jpg,舌苔白
788.jpg,舌苔白
789.jpg,舌苔白
790.jpg,舌苔白
791.jpg,舌苔白
792.jpg,舌苔白
793.jpg,舌苔白
794.jpg,舌苔白
795.jpg,舌苔白
796.jpg,舌苔白
797.jpg,舌苔白
798.jpg,舌苔白
799.jpg,舌苔白
800.jpg,舌苔白
801.jpg,舌苔白
802.jpg,舌苔白
803.jpg,舌苔白
804.jpg,舌苔白
805.jpg,舌苔白
806.jpg,舌苔白
807.jpg,舌苔灰黑
808.jpg,舌苔灰黑
809.jpg,舌苔灰黑
810.jpg,舌苔灰黑
811.jpg,舌苔灰黑
812.jpg,舌苔灰黑
813.jpg,舌苔灰黑
814.jpg,舌苔灰黑
815.jpg,舌苔灰黑
816.jpg,舌苔灰黑
817.jpg,舌苔灰黑
818.jpg,舌苔灰黑
819.jpg,舌苔灰黑
820.jpg,舌苔灰黑
821.jpg,舌苔灰黑
822.jpg,舌苔灰黑
823.jpg,舌苔灰黑
824.jpg,舌苔灰黑
825.jpg,舌苔灰黑
826.jpg,舌苔灰黑
827.jpg,舌苔灰黑
828.jpg,舌苔灰黑
829.jpg,舌苔灰黑
830.jpg,舌苔灰黑
831.jpg,舌苔灰黑
832.jpg,舌苔灰黑
833.jpg,舌苔灰黑
834.jpg,舌苔灰黑
835.jpg,舌苔灰黑
836.jpg,舌苔灰黑
837.jpg,舌苔灰黑
838.jpg,舌苔灰黑
839.jpg,舌苔灰黑
840.jpg,舌苔灰黑
841.jpg,舌苔灰黑
842.jpg,舌苔灰黑
843.jpg,舌苔灰黑
844.jpg,舌苔灰黑
845.jpg,舌苔灰黑
846.jpg,舌苔灰黑
847.jpg,舌苔灰黑
848.jpg,舌苔灰黑
849.jpg,舌苔灰黑
850.jpg,舌苔灰黑
851.jpg,舌苔灰黑
852.jpg,舌苔灰黑
853.jpg,舌苔灰黑
854.jpg,舌苔灰黑
855.jpg,舌苔灰黑
856.jpg,舌苔灰黑
857.jpg,舌苔灰黑
858.jpg,舌苔灰黑
859.jpg,舌苔灰黑
860.jpg,舌苔灰黑
861.jpg,舌苔灰黑
862.jpg,舌苔灰黑
863.jpg,舌苔灰黑
864.jpg,舌苔灰黑
865.jpg,舌苔灰黑
866.jpg,舌苔灰黑
867.jpg,舌苔灰黑
868.jpg,舌苔灰黑
869.jpg,舌苔灰黑
870.jpg,舌苔灰黑
871.jpg,舌苔灰黑
872.jpg,舌苔灰黑
873.jpg,舌苔灰黑
874.jpg,舌苔灰黑
875.jpg,舌苔灰黑
876.jpg,舌苔灰黑
877.jpg,舌苔灰黑
878.jpg,舌苔灰黑
879.jpg,舌苔灰黑
880.jpg,舌苔灰黑
881.jpg,舌苔灰黑
882.jpg,舌苔灰黑
883.jpg,舌苔灰黑
884.jpg,舌苔灰黑
885.jpg,舌苔灰黑
886.jpg,舌苔灰黑
887.jpg,舌苔灰黑
888.jpg,舌苔灰黑
889.jpg,舌苔灰黑
890.jpg,舌苔灰黑
891.jpg,舌苔灰黑
892.jpg,舌苔灰黑
893.jpg,舌苔灰黑
894.jpg,舌苔灰黑
895.jpg,舌苔灰黑
896.jpg,舌苔灰黑
897.jpg,舌苔灰黑
898.jpg,舌苔灰黑
899.jpg,舌苔灰黑
900.jpg,舌苔灰黑
901.jpg,舌苔灰黑
902.jpg,舌苔灰黑
903.jpg,舌苔灰黑
904.jpg,舌苔灰黑
905.jpg,舌苔灰黑
906.jpg,舌苔灰黑
907.jpg,舌苔灰黑
908.jpg,舌苔灰黑
909.jpg,舌苔灰黑
910.jpg,舌苔灰黑
911.jpg,舌苔灰黑
912.jpg,舌苔灰黑
913.jpg,舌苔灰黑
914.jpg,舌苔灰黑
915.jpg,舌苔灰黑
916.jpg,舌苔灰黑
917.jpg,舌苔灰黑
918.jpg,舌苔厚
919.jpg,舌苔厚
920.jpg,舌苔厚
921.jpg,舌苔厚
922.jpg,舌苔厚
923.jpg,舌苔厚
924.jpg,舌苔厚
925.jpg,舌苔厚
926.jpg,舌苔厚
927.jpg,舌苔厚
928.jpg,舌苔厚
929.jpg,舌苔厚
930.jpg,舌苔厚
931.jpg,舌苔厚
932.jpg,舌苔厚
933.jpg,舌苔厚
934.jpg,舌苔厚
935.jpg,舌苔厚
936.jpg,舌苔厚
937.jpg,舌苔厚
938.jpg,舌苔厚
939.jpg,舌苔厚
940.jpg,舌苔厚
941.jpg,舌苔厚
942.jpg,舌苔厚
943.jpg,舌苔厚
944.jpg,舌苔厚
945.jpg,舌苔厚
946.jpg,舌苔厚
947.jpg,舌苔厚
948.jpg,舌苔厚
949.jpg,舌苔厚
950.jpg,舌苔厚
951.jpg,舌苔厚
952.jpg,舌苔厚
953.jpg,舌苔厚
954.jpg,舌苔厚
955.jpg,舌苔厚
956.jpg,舌苔厚
957.jpg,舌苔厚
958.jpg,舌苔厚
959.jpg,舌苔厚
960.jpg,舌苔厚
961.jpg,舌苔厚
962.jpg,舌苔厚
963.jpg,舌苔厚
964.jpg,舌苔厚
965.jpg,舌苔厚
966.jpg,舌苔厚
967.jpg,舌苔厚
968.jpg,舌苔厚
969.jpg,舌苔厚
970.jpg,舌苔厚
971.jpg,舌苔厚
972.jpg,舌苔厚
973.jpg,舌苔厚
974.jpg,舌苔厚
975.jpg,舌苔厚
976.jpg,舌苔厚
977.jpg,舌苔厚
978.jpg,舌苔厚
979.jpg,舌苔厚
980.jpg,舌苔厚
981.jpg,舌苔厚
982.jpg,舌苔厚
983.jpg,舌苔厚
984.jpg,舌苔厚
985.jpg,舌苔厚
986.jpg,舌苔厚
987.jpg,舌苔厚
988.jpg,舌苔厚
989.jpg,舌苔厚
990.jpg,舌苔厚
991.jpg,舌苔厚
992.jpg,舌苔厚
993.jpg,舌苔厚
994.jpg,舌苔厚
995.jpg,舌苔厚
996.jpg,舌苔厚
997.jpg,舌苔厚
998.jpg,舌苔厚
999.jpg,舌苔厚
1000.jpg,舌苔厚
1001.jpg,舌苔厚
1002.jpg,舌苔厚
1003.jpg,舌苔厚
1004.jpg,舌苔厚
1005.jpg,舌苔厚
1006.jpg,舌苔厚
1007.jpg,舌苔厚
1008.jpg,舌苔厚
1009.jpg,舌苔厚
1010.jpg,舌苔厚
1011.jpg,舌苔厚
1012.jpg,舌苔厚
1013.jpg,舌苔厚
1014.jpg,舌苔厚
1015.jpg,舌苔厚
1016.jpg,舌苔厚
1017.jpg,舌苔厚
1018.jpg,舌苔厚
1019.jpg,舌苔厚
1020.jpg,舌苔厚
1021.jpg,舌苔厚
1022.jpg,舌苔厚
1023.jpg,舌苔厚
1024.jpg,舌苔厚
1025.jpg,舌苔厚
1026.jpg,舌苔厚
1027.jpg,舌苔厚
1028.jpg,舌苔厚
1029.jpg,舌苔厚
1030.jpg,舌苔厚
1031.jpg,舌苔厚
1032.jpg,舌苔厚
1033.jpg,舌苔厚
1034.jpg,舌苔厚
1035.jpg,舌苔厚
1036.jpg,舌苔厚
1037.jpg,舌苔厚
1038.jpg,舌苔厚
1039.jpg,舌苔厚
1040.jpg,舌苔厚
1041.jpg,舌苔厚
1042.jpg,舌苔厚
1043.jpg,舌苔厚
1044.jpg,舌苔厚
1045.jpg,舌苔厚
1046.jpg,舌苔厚
1047.jpg,舌苔厚
1048.jpg,舌苔厚
1049.jpg,舌苔厚
1050.jpg,舌苔厚
1051.jpg,舌苔厚
1052.jpg,舌苔厚
1053.jpg,舌苔厚
1054.jpg,舌苔厚
1055.jpg,舌苔厚
1056.jpg,舌苔厚
1057.jpg,舌苔厚
1058.jpg,舌苔厚
1059.jpg,舌苔厚
1060.jpg,舌苔厚
1061.jpg,舌苔厚
1062.jpg,舌苔厚
1063.jpg,舌苔厚
1064.jpg,舌苔厚
1065.jpg,舌苔厚
1066.jpg,舌苔厚
1067.jpg,舌苔厚
1068.jpg,舌苔厚
1069.jpg,舌苔厚
1070.jpg,舌苔厚
1071.jpg,舌苔厚
1072.jpg,舌苔厚
1073.jpg,舌苔厚
1074.jpg,舌苔厚
1075.jpg,舌苔厚
1076.jpg,舌苔厚
1077.jpg,舌苔厚
1078.jpg,舌苔厚
1079.jpg,舌苔厚
1080.jpg,舌苔厚
1081.jpg,舌苔厚
1082.jpg,舌苔厚
1083.jpg,舌苔厚
1084.jpg,舌苔厚
1085.jpg,舌苔厚
1086.jpg,舌苔黃
1087.jpg,舌苔黃
1088.jpg,舌苔黃
1089.jpg,舌苔黃
1090.jpg,舌苔黃
1091.jpg,舌苔黃
1092.jpg,舌苔黃
1093.jpg,舌苔黃
1094.jpg,舌苔黃
1095.jpg,舌苔黃
1096.jpg,舌苔黃
1097.jpg,舌苔黃
1098.jpg,舌苔黃
1099.jpg,舌苔黃
1100.jpg,舌苔黃
1101.jpg,舌苔黃
1102.jpg,舌苔黃
1103.jpg,舌苔黃
1104.jpg,舌苔黃
1105.jpg,舌苔黃
1106.jpg,舌苔黃
1107.jpg,舌苔黃
1108.jpg,舌苔黃
1109.jpg,舌苔黃
1110.jpg,舌苔黃
1111.jpg,舌苔黃
1112.jpg,舌苔黃
1113.jpg,舌苔黃
1114.jpg,舌苔黃
1115.jpg,舌苔黃
1116.jpg,舌苔黃
1117.jpg,舌苔黃
1118.jpg,舌苔黃
1119.jpg,舌苔黃
1120.jpg,舌苔黃
1121.jpg,舌苔黃
1122.jpg,舌苔黃
1123.jpg,舌苔黃
1124.jpg,舌苔黃
1125.jpg,舌苔黃
1126.jpg,舌苔黃
1127.jpg,舌苔黃
1128.jpg,舌苔黃
1129.jpg,舌苔黃
1130.jpg,舌苔黃
1131.jpg,舌苔黃
1132.jpg,舌苔黃
1133.jpg,舌苔黃
1134.jpg,舌苔黃
1135.jpg,舌苔黃
1136.jpg,舌苔黃
1137.jpg,舌苔黃
1138.jpg,舌苔黃
1139.jpg,舌苔黃
1140.jpg,舌苔黃
1141.jpg,舌苔黃
1142.jpg,舌苔黃
1143.jpg,舌苔黃
1144.jpg,舌苔黃
1145.jpg,舌苔黃
1146.jpg,舌苔黃
1147.jpg,舌苔黃
1148.jpg,舌苔黃
1149.jpg,舌苔黃
1150.jpg,舌苔黃
1151.jpg,舌苔黃
1152.jpg,舌苔黃
1153.jpg,舌苔黃
1154.jpg,舌苔黃
1155.jpg,舌苔黃
1156.jpg,舌苔黃
1157.jpg,舌苔黃
1158.jpg,舌苔黃
1159.jpg,舌苔黃
1160.jpg,舌苔黃
1161.jpg,舌苔黃
1162.jpg,舌苔黃
1163.jpg,舌苔黃
1164.jpg,舌苔黃
1165.jpg,舌苔黃
1166.jpg,舌苔黃
1167.jpg,舌苔黃
1168.jpg,舌苔黃
1169.jpg,舌苔黃
1170.jpg,舌苔黃
1171.jpg,舌苔黃
1172.jpg,舌苔黃
1173.jpg,舌苔黃
1174.jpg,舌苔黃
1175.jpg,舌苔黃
1176.jpg,舌苔黃
1177.jpg,舌苔黃
1178.jpg,舌苔黃
1179.jpg,舌苔黃
1180.jpg,舌苔黃
1181.jpg,舌苔黃
1182.jpg,舌苔黃
1183.jpg,舌苔黃
1184.jpg,舌苔黃
1185.jpg,舌苔黃
1186.jpg,舌苔黃
1187.jpg,舌苔黃
1188.jpg,舌苔黃
1189.jpg,舌苔黃
1190.jpg,舌苔黃
1191.jpg,舌苔黃
1192.jpg,舌苔黃
1193.jpg,舌苔黃
1194.jpg,舌苔黃
1195.jpg,舌苔黃
1196.jpg,舌苔黃
1197.jpg,舌苔黃
1198.jpg,舌苔濕
1199.jpg,舌苔濕
1200.jpg,舌苔濕
1201.jpg,舌苔濕
1202.jpg,舌苔濕
1203.jpg,舌苔濕
1204.jpg,舌苔濕
1205.jpg,舌苔濕
1206.jpg,舌苔濕
1207.jpg,舌苔濕
1208.jpg,舌苔濕
1209.jpg,舌苔濕
1210.jpg,舌苔濕
1211.jpg,舌苔濕
1212.jpg,舌苔濕
1213.jpg,舌苔濕
1214.jpg,舌苔濕
1215.jpg,舌苔濕
1216.jpg,舌苔濕
1217.jpg,舌苔濕
1218.jpg,舌苔濕
1219.jpg,舌苔濕
1220.jpg,舌苔濕
1221.jpg,舌苔濕
1222.jpg,舌苔濕
1223.jpg,舌苔濕
1224.jpg,舌苔濕
1225.jpg,舌苔濕
1226.jpg,舌苔濕
1227.jpg,舌苔濕
1228.jpg,舌苔濕
1229.jpg,舌苔濕
1230.jpg,舌苔濕
1231.jpg,舌苔濕
1232.jpg,舌苔濕
1233.jpg,舌苔濕
1234.jpg,舌苔濕
1235.jpg,舌苔濕
1236.jpg,舌苔濕
1237.jpg,舌苔濕
1238.jpg,舌苔濕
1239.jpg,舌苔濕
1240.jpg,舌苔濕
1241.jpg,舌苔濕
1242.jpg,舌苔濕
1243.jpg,舌苔濕
1244.jpg,舌苔濕
1245.jpg,舌苔濕
1246.jpg,舌苔濕
1247.jpg,舌苔濕
1248.jpg,舌苔濕
1249.jpg,舌苔濕
1250.jpg,舌苔濕
1251.jpg,舌苔濕
1252.jpg,舌苔濕
1253.jpg,舌苔濕
1254.jpg,舌苔濕
1255.jpg,舌苔濕
1256.jpg,舌苔濕
1257.jpg,舌苔濕
1258.jpg,舌苔濕
1259.jpg,舌苔濕
1260.jpg,舌苔濕
1261.jpg,舌苔濕
1262.jpg,舌苔濕
1263.jpg,舌苔濕
1264.jpg,舌苔濕
1265.jpg,舌苔濕
1266.jpg,舌苔濕
1267.jpg,舌苔濕
1268.jpg,舌苔濕
1269.jpg,舌苔濕
1270.jpg,舌苔濕
1271.jpg,舌苔濕
1272.jpg,舌苔濕
1273.jpg,舌苔濕
1274.jpg,舌苔濕
1275.jpg,舌苔濕
1276.jpg,舌苔濕
1277.jpg,舌苔濕
1278.jpg,舌苔濕
1279.jpg,舌苔濕
1280.jpg,舌苔濕
1281.jpg,舌苔濕
1282.jpg,舌苔濕
1283.jpg,舌苔濕
1284.jpg,舌苔濕
1285.jpg,舌苔濕
1286.jpg,舌苔濕
1287.jpg,舌苔濕
1288.jpg,舌苔濕
1289.jpg,舌苔濕
1290.jpg,舌苔濕
1291.jpg,舌苔濕
1292.jpg,舌苔濕
1293.jpg,舌苔濕
1294.jpg,舌苔濕
1295.jpg,舌苔濕
1296.jpg,舌苔濕
1297.jpg,舌苔濕
1298.jpg,舌苔濕
1299.jpg,舌苔濕
1300.jpg,舌苔濕
1301.jpg,舌苔濕
1302.jpg,舌苔濕
1303.jpg,舌苔濕
1304.jpg,舌頭胖瘦
1305.jpg,舌頭胖瘦
1306.jpg,舌頭胖瘦
1307.jpg,舌頭胖瘦
1308.jpg,舌頭胖瘦
1309.jpg,舌頭胖瘦
1310.jpg,舌頭胖瘦
1311.jpg,舌頭胖瘦
1312.jpg,舌頭胖瘦
1313.jpg,舌頭胖瘦
1314.jpg,舌頭胖瘦
1315.jpg,舌頭胖瘦
1316.jpg,舌頭胖瘦
1317.jpg,舌頭胖瘦
1318.jpg,舌頭胖瘦
1319.jpg,舌頭胖瘦
1320.jpg,舌頭胖瘦
1321.jpg,舌頭胖瘦
1322.jpg,舌頭胖瘦
1323.jpg,舌頭胖瘦
1324.jpg,舌頭胖瘦
1325.jpg,舌頭胖瘦
1326.jpg,舌頭胖瘦
1327.jpg,舌頭胖瘦
1328.jpg,舌頭胖瘦
1329.jpg,舌頭胖瘦
1330.jpg,舌頭胖瘦
1331.jpg,舌頭胖瘦
1332.jpg,舌頭胖瘦
1333.jpg,舌頭胖瘦
1334.jpg,舌頭胖瘦
1335.jpg,舌頭胖瘦
1336.jpg,舌頭胖瘦
1337.jpg,舌頭胖瘦
1338.jpg,舌頭胖瘦
1339.jpg,舌頭胖瘦
1340.jpg,舌頭胖瘦
1341.jpg,舌頭胖瘦
1342.jpg,舌頭胖瘦
1343.jpg,舌頭胖瘦
1344.jpg,舌頭胖瘦
1345.jpg,舌頭胖瘦
1346.jpg,舌頭胖瘦
1347.jpg,舌頭胖瘦
1348.jpg,舌頭胖瘦
1349.jpg,舌頭胖瘦
1350.jpg,舌頭胖瘦
1351.jpg,舌頭胖瘦
1352.jpg,舌頭胖瘦
1353.jpg,舌頭胖瘦
1354.jpg,舌頭胖瘦
1355.jpg,舌頭胖瘦
1356.jpg,舌頭胖瘦
1357.jpg,舌頭胖瘦
1358.jpg,舌頭胖瘦
1359.jpg,舌頭胖瘦
1360.jpg,舌頭胖瘦
1361.jpg,舌頭胖瘦
1362.jpg,舌頭胖瘦
1363.jpg,舌頭胖瘦
1364.jpg,舌頭胖瘦
1365.jpg,舌頭胖瘦
1366.jpg,舌頭胖瘦
1367.jpg,舌頭胖瘦
1368.jpg,舌頭胖瘦
1369.jpg,舌頭胖瘦
1370.jpg,舌頭胖瘦
1371.jpg,舌頭胖瘦
1372.jpg,舌頭胖瘦
1373.jpg,舌頭胖瘦
1374.jpg,舌頭胖瘦
1375.jpg,舌頭胖瘦
1376.jpg,舌頭胖瘦
1377.jpg,舌頭胖瘦
1378.jpg,舌頭胖瘦
1379.jpg,舌頭胖瘦
1380.jpg,舌頭胖瘦
1381.jpg,舌頭胖瘦
1382.jpg,舌頭胖瘦
1383.jpg,舌頭胖瘦
1384.jpg,舌頭胖瘦
1385.jpg,舌頭胖瘦
1386.jpg,舌頭胖瘦
1387.jpg,舌頭胖瘦
1388.jpg,舌頭胖瘦
1389.jpg,舌頭胖瘦
1390.jpg,舌頭胖瘦
1391.jpg,舌頭胖瘦
1392.jpg,舌頭胖瘦
1393.jpg,舌頭胖瘦
1394.jpg,舌頭胖瘦
1395.jpg,舌頭胖瘦
1396.jpg,舌頭胖瘦
1397.jpg,舌頭胖瘦
1398.jpg,舌頭胖瘦
1399.jpg,舌頭胖瘦
1400.jpg,舌頭胖瘦
1401.jpg,舌頭胖瘦
1402.jpg,舌頭胖瘦
1403.jpg,舌頭胖瘦
1404.jpg,舌頭胖瘦
1405.jpg,舌頭胖瘦
1406.jpg,舌頭胖瘦
1407.jpg,舌頭胖瘦
1408.jpg,舌頭胖瘦
1409.jpg,舌頭胖瘦
1410.jpg,舌頭胖瘦
1411.jpg,舌頭胖瘦
1412.jpg,舌頭胖瘦
1413.jpg,舌頭胖瘦
1414.jpg,舌頭胖瘦
1415.jpg,舌頭胖瘦
1416.jpg,舌頭胖瘦
1417.jpg,舌頭胖瘦
1418.jpg,舌頭胖瘦
1419.jpg,舌頭胖瘦
1420.jpg,舌頭胖瘦
1421.jpg,舌頭胖瘦
1422.jpg,舌頭胖瘦
1423.jpg,舌頭胖瘦
1424.jpg,舌頭胖瘦
1425.jpg,舌頭胖瘦
1426.jpg,舌頭胖瘦
1427.jpg,舌頭胖瘦
1428.jpg,舌頭胖瘦
1429.jpg,舌頭胖瘦
1430.jpg,舌頭胖瘦
1431.jpg,舌頭胖瘦
1432.jpg,舌頭胖瘦
1433.jpg,舌頭胖瘦
1434.jpg,舌頭胖瘦
1435.jpg,舌頭胖瘦
1436.jpg,舌頭胖瘦
1437.jpg,舌頭胖瘦
1438.jpg,舌頭胖瘦
1439.jpg,舌頭胖瘦
1440.jpg,舌頭胖瘦
1441.jpg,舌頭胖瘦
1442.jpg,舌頭胖瘦
1443.jpg,舌頭胖瘦
1444.jpg,舌頭胖瘦
1445.jpg,舌頭胖瘦
1446.jpg,舌頭胖瘦
1447.jpg,舌頭胖瘦
1448.jpg,舌頭胖瘦
1449.jpg,舌頭胖瘦
1450.jpg,舌頭胖瘦
1451.jpg,舌頭胖瘦
1452.jpg,舌頭胖瘦
1453.jpg,舌頭胖瘦
1454.jpg,舌頭胖瘦
1455.jpg,舌頭胖瘦
1456.jpg,舌頭胖瘦
1457.jpg,舌頭胖瘦
1458.jpg,舌頭胖瘦
1459.jpg,舌頭胖瘦
1460.jpg,舌頭胖瘦
1461.jpg,舌頭胖瘦
1462.jpg,舌頭胖瘦
1463.jpg,舌頭胖瘦
1464.jpg,舌頭胖瘦
1465.jpg,舌頭胖瘦
1466.jpg,舌頭胖瘦
1467.jpg,舌頭胖瘦
1468.jpg,舌頭胖瘦
1469.jpg,舌頭胖瘦
1470.jpg,舌頭胖瘦
1471.jpg,舌頭胖瘦
1472.jpg,舌頭胖瘦
1473.jpg,舌頭胖瘦
1474.jpg,舌頭胖瘦
1475.jpg,舌頭胖瘦
1476.jpg,舌頭胖瘦
1477.jpg,舌頭胖瘦
1478.jpg,舌頭胖瘦
1479.jpg,舌頭胖瘦
1480.jpg,舌頭胖瘦
1481.jpg,舌頭胖瘦
1482.jpg,舌頭胖瘦
1483.jpg,舌頭胖瘦
1484.jpg,舌頭胖瘦
1485.jpg,舌頭胖瘦
1486.jpg,舌頭胖瘦
1487.jpg,舌頭胖瘦
1488.jpg,舌頭胖瘦
1489.jpg,舌頭胖瘦
1490.jpg,舌頭胖瘦
1491.jpg,舌頭胖瘦
1492.jpg,舌頭胖瘦
1493.jpg,舌頭胖瘦
1494.jpg,舌頭胖瘦
1495.jpg,舌頭胖瘦
1496.jpg,舌頭胖瘦
1497.jpg,舌頭胖瘦
1498.jpg,舌頭胖瘦
1499.jpg,舌頭胖瘦
1500.jpg,舌頭胖瘦
1501.jpg,舌頭胖瘦
1502.jpg,舌頭胖瘦
1503.jpg,舌頭胖瘦
1504.jpg,舌頭胖瘦
1505.jpg,舌頭胖瘦
1506.jpg,舌頭胖瘦
1507.jpg,舌頭胖瘦
1508.jpg,舌頭胖瘦
1509.jpg,舌頭胖瘦
1510.jpg,舌頭胖瘦
1511.jpg,舌頭胖瘦
1512.jpg,舌頭胖瘦
1513.jpg,舌頭胖瘦
1514.jpg,舌頭胖瘦
1515.jpg,舌頭胖瘦
1516.jpg,舌頭胖瘦
1517.jpg,舌頭胖瘦
1518.jpg,舌頭胖瘦
1519.jpg,舌頭胖瘦
1520.jpg,舌頭胖瘦
1521.jpg,舌頭胖瘦
1522.jpg,舌頭胖瘦
1523.jpg,舌頭胖瘦
1524.jpg,舌頭胖瘦
1525.jpg,舌頭胖瘦
1526.jpg,舌頭胖瘦
1527.jpg,舌頭胖瘦
1528.jpg,舌頭胖瘦
1529.jpg,舌頭胖瘦
1530.jpg,舌頭胖瘦
1531.jpg,舌頭胖瘦
1532.jpg,舌頭胖瘦
1533.jpg,舌頭胖瘦
1534.jpg,舌頭胖瘦
1535.jpg,舌頭胖瘦
1536.jpg,舌頭胖瘦
1537.jpg,舌頭胖瘦
1538.jpg,舌頭胖瘦
1539.jpg,舌頭胖瘦
1540.jpg,舌頭胖瘦
1541.jpg,舌頭胖瘦
1542.jpg,舌頭胖瘦
1543.jpg,舌頭胖瘦
1544.jpg,舌頭胖瘦
1545.jpg,舌頭胖瘦
1546.jpg,舌頭胖瘦
1547.jpg,舌頭胖瘦
1548.jpg,舌頭胖瘦
1549.jpg,舌頭胖瘦
1550.jpg,舌頭胖瘦
1551.jpg,舌頭胖瘦
1552.jpg,舌頭胖瘦
1553.jpg,舌頭胖瘦
1554.jpg,舌頭胖瘦
1555.jpg,舌頭胖瘦
1556.jpg,舌頭胖瘦
1557.jpg,舌頭胖瘦
1558.jpg,舌頭胖瘦
1559.jpg,舌頭胖瘦
1560.jpg,舌頭胖瘦
1561.jpg,舌頭胖瘦
1562.jpg,舌頭胖瘦
1563.jpg,舌頭胖瘦
1564.jpg,舌頭胖瘦
1565.jpg,舌頭胖瘦
1566.jpg,舌頭胖瘦
1567.jpg,舌頭胖瘦
1568.jpg,舌頭胖瘦
1569.jpg,舌頭胖瘦
1570.jpg,舌頭胖瘦
1571.jpg,舌頭胖瘦
1572.jpg,舌頭胖瘦
1573.jpg,舌頭胖瘦
1574.jpg,舌頭胖瘦
1575.jpg,舌頭胖瘦
1576.jpg,舌頭胖瘦
1577.jpg,舌頭胖瘦
1578.jpg,舌頭胖瘦
1579.jpg,舌頭胖瘦
1580.jpg,舌頭胖瘦
1581.jpg,舌頭胖瘦
1582.jpg,舌頭胖瘦
1583.jpg,舌頭胖瘦
1584.jpg,舌頭胖瘦
1585.jpg,舌頭胖瘦
1586.jpg,舌頭胖瘦
1587.jpg,舌頭胖瘦
1588.jpg,舌頭胖瘦
1589.jpg,舌頭胖瘦
1590.jpg,舌頭胖瘦
1591.jpg,舌頭胖瘦
1592.jpg,舌頭胖瘦
1593.jpg,舌頭胖瘦
1594.jpg,舌頭胖瘦
1595.jpg,舌頭胖瘦
1596.jpg,舌頭胖瘦
1597.jpg,舌頭胖瘦
1598.jpg,舌頭胖瘦
1599.jpg,舌頭胖瘦
1600.jpg,舌頭胖瘦
1601.jpg,舌頭胖瘦
1602.jpg,舌頭胖瘦
1603.jpg,舌頭胖瘦
1604.jpg,舌頭胖瘦
1605.jpg,舌頭胖瘦
1606.jpg,裂痕
1607.jpg,裂痕
1608.jpg,裂痕
1609.jpg,裂痕
1610.jpg,裂痕
1611.jpg,裂痕
1612.jpg,裂痕
1613.jpg,裂痕
1614.jpg,裂痕
1615.jpg,裂痕
1616.jpg,裂痕
1617.jpg,裂痕
1618.jpg,裂痕
1619.jpg,裂痕
1620.jpg,裂痕
1621.jpg,裂痕
1622.jpg,裂痕
1623.jpg,裂痕
1624.jpg,裂痕
1625.jpg,裂痕
1626.jpg,裂痕
1627.jpg,裂痕
1628.jpg,裂痕
1629.jpg,裂痕
1630.jpg,裂痕
1631.jpg,裂痕
1632.jpg,裂痕
1633.jpg,裂痕
1634.jpg,裂痕
1635.jpg,裂痕
1636.jpg,裂痕
1637.jpg,裂痕
1638.jpg,裂痕
1639.jpg,裂痕
1640.jpg,裂痕
1641.jpg,裂痕
1642.jpg,裂痕
1643.jpg,裂痕
1644.jpg,裂痕
1645.jpg,裂痕
1646.jpg,裂痕
1647.jpg,裂痕
1648.jpg,裂痕
1649.jpg,裂痕
1650.jpg,裂痕
1651.jpg,裂痕
1652.jpg,裂痕
1653.jpg,裂痕
1654.jpg,裂痕
1655.jpg,裂痕
1656.jpg,裂痕
1657.jpg,裂痕
1658.jpg,裂痕
1659.jpg,裂痕
1660.jpg,裂痕
1661.jpg,裂痕
1662.jpg,裂痕
1663.jpg,裂痕
1664.jpg,裂痕
1665.jpg,裂痕
1666.jpg,裂痕
1667.jpg,裂痕
1668.jpg,裂痕
1669.jpg,裂痕
1670.jpg,裂痕
1671.jpg,裂痕
1672.jpg,裂痕
1673.jpg,裂痕
1674.jpg,裂痕
1675.jpg,裂痕
1676.jpg,裂痕
1677.jpg,裂痕
1678.jpg,裂痕
1679.jpg,裂痕
1680.jpg,裂痕
1681.jpg,裂痕
1682.jpg,裂痕
1683.jpg,裂痕
1684.jpg,裂痕
1685.jpg,裂痕
1686.jpg,裂痕
1687.jpg,裂痕
1688.jpg,裂痕
1689.jpg,裂痕
1690.jpg,裂痕
1691.jpg,裂痕
1692.jpg,裂痕
1693.jpg,裂痕
1694.jpg,裂痕
1695.jpg,裂痕
1696.jpg,裂痕
1697.jpg,裂痕
1698.jpg,裂痕
1699.jpg,裂痕
1700.jpg,裂痕
1701.jpg,裂痕
1702.jpg,裂痕
1703.jpg,裂痕
1704.jpg,裂痕
1705.jpg,裂痕
1706.jpg,裂痕
1707.jpg,裂痕
1708.jpg,裂痕
1709.jpg,裂痕
1710.jpg,裂痕
1711.jpg,裂痕
1712.jpg,裂痕
1713.jpg,裂痕
1714.jpg,裂痕
1715.jpg,裂痕
1716.jpg,瘀點
1717.jpg,瘀點
1718.jpg,瘀點
1719.jpg,瘀點
1720.jpg,瘀點
1721.jpg,瘀點
1722.jpg,瘀點
1723.jpg,瘀點
1724.jpg,瘀點
1725.jpg,瘀點
1726.jpg,瘀點
1727.jpg,瘀點
1728.jpg,瘀點
1729.jpg,瘀點
1730.jpg,瘀點
1731.jpg,瘀點
1732.jpg,瘀點
1733.jpg,瘀點
1734.jpg,瘀點
1735.jpg,瘀點
1736.jpg,瘀點
1737.jpg,瘀點
1738.jpg,瘀點
1739.jpg,瘀點
1740.jpg,瘀點
1741.jpg,瘀點
1742.jpg,瘀點
1743.jpg,瘀點
1744.jpg,瘀點
1745.jpg,瘀點
1746.jpg,瘀點
1747.jpg,瘀點
1748.jpg,瘀點
1749.jpg,瘀點
1750.jpg,瘀點
1751.jpg,瘀點
1752.jpg,瘀點
1753.jpg,瘀點
1754.jpg,瘀點
1755.jpg,瘀點
1756.jpg,瘀點
1757.jpg,瘀點
1758.jpg,瘀點
1759.jpg,瘀點
1760.jpg,瘀點
1761.jpg,瘀點
1762.jpg,瘀點
1763.jpg,瘀點
1764.jpg,瘀點
1765.jpg,瘀點
1766.jpg,瘀點
1767.jpg,瘀點
1768.jpg,瘀點
1769.jpg,瘀點
1770.jpg,瘀點
1771.jpg,瘀點
1772.jpg,瘀點
1773.jpg,瘀點
1774.jpg,瘀點
1775.jpg,瘀點
1776.jpg,瘀點
1777.jpg,瘀點
1778.jpg,瘀點
1779.jpg,瘀點
1780.jpg,瘀點
1781.jpg,瘀點
1782.jpg,瘀點
1783.jpg,瘀點
1784.jpg,瘀點
1785.jpg,瘀點
1786.jpg,瘀點
1787.jpg,瘀點
1788.jpg,瘀點
1789.jpg,瘀點
1790.jpg,瘀點
1791.jpg,瘀點
1792.jpg,瘀點
1793.jpg,瘀點
1794.jpg,瘀點
1795.jpg,瘀點
1796.jpg,瘀點
1797.jpg,瘀點
1798.jpg,瘀點
1799.jpg,瘀點
1800.jpg,瘀點
1801.jpg,瘀點
1802.jpg,瘀點
1803.jpg,瘀點
1804.jpg,瘀點
1805.jpg,瘀點
1806.jpg,瘀點
1807.jpg,瘀點
1808.jpg,瘀點
1809.jpg,瘀點
1810.jpg,瘀點
1811.jpg,瘀點
1812.jpg,瘀點
1813.jpg,瘀點
1814.jpg,瘀點
1815.jpg,瘀點
1816.jpg,瘀點
1817.jpg,瘀點
1818.jpg,瘀點
1819.jpg,瘀點
1820.jpg,瘀點
1821.jpg,瘀點
1822.jpg,瘀點
1823.jpg,瘀點
1824.jpg,齒痕
1825.jpg,齒痕
1826.jpg,齒痕
1827.jpg,齒痕
1828.jpg,齒痕
1829.jpg,齒痕
1830.jpg,齒痕
1831.jpg,齒痕
1832.jpg,齒痕
1833.jpg,齒痕
1834.jpg,齒痕
1835.jpg,齒痕
1836.jpg,齒痕
1837.jpg,齒痕
1838.jpg,齒痕
1839.jpg,齒痕
1840.jpg,齒痕
1841.jpg,齒痕
1842.jpg,齒痕
1843.jpg,齒痕
1844.jpg,齒痕
1845.jpg,齒痕
1846.jpg,齒痕
1847.jpg,齒痕
1848.jpg,齒痕
1849.jpg,齒痕
1850.jpg,齒痕
1851.jpg,齒痕
1852.jpg,齒痕
1853.jpg,齒痕
1854.jpg,齒痕
1855.jpg,齒痕
1856.jpg,齒痕
1857.jpg,齒痕
1858.jpg,齒痕
1859.jpg,齒痕
1860.jpg,齒痕
1861.jpg,齒痕
1862.jpg,齒痕
1863.jpg,齒痕
1864.jpg,齒痕
1865.jpg,齒痕
1866.jpg,齒痕
1867.jpg,齒痕
1868.jpg,齒痕
1869.jpg,齒痕
1870.jpg,齒痕
1871.jpg,齒痕
1872.jpg,齒痕
1873.jpg,齒痕
1874.jpg,齒痕
1875.jpg,齒痕
1876.jpg,齒痕
1877.jpg,齒痕
1878.jpg,齒痕
1879.jpg,齒痕
1880.jpg,齒痕
1881.jpg,齒痕
1882.jpg,齒痕
1883.jpg,齒痕
1884.jpg,齒痕
1885.jpg,齒痕
1886.jpg,齒痕
1887.jpg,齒痕
1888.jpg,齒痕
1889.jpg,齒痕
1890.jpg,齒痕
1891.jpg,齒痕
1892.jpg,齒痕
1893.jpg,齒痕
1894.jpg,齒痕
1895.jpg,齒痕
1896.jpg,齒痕
1897.jpg,齒痕
1898.jpg,齒痕
1899.jpg,齒痕
1900.jpg,齒痕
1901.jpg,齒痕
1902.jpg,齒痕
1903.jpg,齒痕
1904.jpg,齒痕
1905.jpg,齒痕
1906.jpg,齒痕
1907.jpg,齒痕
1908.jpg,齒痕
1909.jpg,齒痕
1910.jpg,齒痕
1911.jpg,齒痕
1912.jpg,齒痕
1913.jpg,齒痕
1914.jpg,齒痕
1915.jpg,齒痕
1916.jpg,齒痕
1917.jpg,齒痕
1918.jpg,齒痕
1919.jpg,齒痕
1920.jpg,齒痕
1921.jpg,齒痕
1922.jpg,齒痕
1923.jpg,齒痕
1924.jpg,齒痕
1925.jpg,齒痕
1926.jpg,齒痕
1927.jpg,齒痕
1928.jpg,齒痕
1929.jpg,齒痕
